LotID,PartNo
AFK777001,C3R12EM3FP-DP
MLN385XA2,C6M96NM4LP-DPA
MNL836000,C3P96FM3MP-DST
MNL955000,C3P96FM3MP-DST
MNM010000,C3P96FM3MP-DST
MNM039000,C3P96FM3MP-DST
MNM177000,C3P96FM3MP-DST
MNM1770A0,C3P96FM3MP-DST
MNM181000,C3P96FM3MP-DST
MNM222000,C3P96FM3MP-DST
MNM481000,C3P96FM3MP-DST
MNL836000,C3P96FM3MP-DSA
MNL955000,C3P96FM3MP-DSA
MNM010000,C3P96FM3MP-DSA
MNM039000,C3P96FM3MP-DSA
MNM177000,C3P96FM3MP-DSA
MNM1770A0,C3P96FM3MP-DSA
MNM181000,C3P96FM3MP-DSA
MNM222000,C3P96FM3MP-DSA
MNM481000,C3P96FM3MP-DSA
MNL840000,C3P96FM3MP-DST
MNM0040A0,C3P96FM3MP-DST
MNM089000,C3P96FM3MP-DST
MNM137000,C3P96FM3MP-DST
MNM353000,C3P96FM3MP-DST
MNM356000,C3P96FM3MP-DST
MNM424000,C3P96FM3MP-DST
MNM426000,C3P96FM3MP-DST
MNM427000,C3P96FM3MP-DST
MNM428000,C3P96FM3MP-DST
MNM487000,C3P96FM3MP-DST
MNM4890A0,C3P96FM3MP-DST
MNM492000,C3P96FM3MP-DST
MNM530000,C3P96FM3MP-DST
MNL840000,C3P96FM3MP-DSA
MNM0040A0,C3P96FM3MP-DSA
MNM089000,C3P96FM3MP-DSA
MNM137000,C3P96FM3MP-DSA
MNM353000,C3P96FM3MP-DSA
MNM356000,C3P96FM3MP-DSA
MNM424000,C3P96FM3MP-DSA
MNM426000,C3P96FM3MP-DSA
MNM427000,C3P96FM3MP-DSA
MNM428000,C3P96FM3MP-DSA
MNM487000,C3P96FM3MP-DSA
MNM4890A0,C3P96FM3MP-DSA
MNM492000,C3P96FM3MP-DSA
MNM530000,C3P96FM3MP-DSA
MNL718000,C3P96FM3MP-DST
MNM311000,C3P96FM3MP-DST
MNM633000,C3P96FM3MP-DST
MNM758000,C3P96FM3MP-DST
MNM758030,C3P96FM3MP-DST
MNM762000,C3P96FM3MP-DST
MNM763000,C3P96FM3MP-DST
MNM801000,C3P96FM3MP-DST
MNM804000,C3P96FM3MP-DST
MNM811000,C3P96FM3MP-DST
MNM812000,C3P96FM3MP-DST
MNM859000,C3P96FM3MP-DST
MNM940000,C3P96FM3MP-DST
MNL718000,C3P96FM3MP-DSA
MNM311000,C3P96FM3MP-DSA
MNM633000,C3P96FM3MP-DSA
MNM758000,C3P96FM3MP-DSA
MNM758030,C3P96FM3MP-DSA
MNM762000,C3P96FM3MP-DSA
MNM763000,C3P96FM3MP-DSA
MNM801000,C3P96FM3MP-DSA
MNM804000,C3P96FM3MP-DSA
MNM811000,C3P96FM3MP-DSA
MNM812000,C3P96FM3MP-DSA
MNM859000,C3P96FM3MP-DSA
MNM940000,C3P96FM3MP-DSA
MNM596000,C6M48MM3LP-DP
MNM837000,C6M48MM3LP-DP
MNM571000,C3P96FM3MP-DST
MNM631000,C3P96FM3MP-DST
MNM7200D0,C3P96FM3MP-DST
MNM761000,C3P96FM3MP-DST
MNM934000,C3P96FM3MP-DST
MNM9390A0,C3P96FM3MP-DST
MNM941000,C3P96FM3MP-DST
MNM992000,C3P96FM3MP-DST
MNN036000,C3P96FM3MP-DST
MNN076000,C3P96FM3MP-DST
MNN079000,C3P96FM3MP-DST
MNN116000,C3P96FM3MP-DST
MNN121000,C3P96FM3MP-DST
MNN150000,C3P96FM3MP-DST
MNN913000,C3P96FM3MP-DST
MNM571000,C3P96FM3MP-DSA
MNM631000,C3P96FM3MP-DSA
MNM7200D0,C3P96FM3MP-DSA
MNM761000,C3P96FM3MP-DSA
MNM934000,C3P96FM3MP-DSA
MNM9390A0,C3P96FM3MP-DSA
MNM941000,C3P96FM3MP-DSA
MNM992000,C3P96FM3MP-DSA
MNN036000,C3P96FM3MP-DSA
MNN076000,C3P96FM3MP-DSA
MNN079000,C3P96FM3MP-DSA
MNN116000,C3P96FM3MP-DSA
MNN121000,C3P96FM3MP-DSA
MNN150000,C3P96FM3MP-DSA
MNN913000,C3P96FM3MP-DSA
MNK816000,C5M96KM4MP-DST
MNK816000,C5M96KM4MP-DSA
MNM754000,C3P96FM3MP-DST
MNM7560A0,C3P96FM3MP-DST
MNM805000,C3P96FM3MP-DST
MNM851000,C3P96FM3MP-DST
MNM8550A0,C3P96FM3MP-DST
MNM8950C0,C3P96FM3MP-DST
MNM902000,C3P96FM3MP-DST
MNM945000,C3P96FM3MP-DST
MNM946000,C3P96FM3MP-DST
MNM982000,C3P96FM3MP-DST
MNM988000,C3P96FM3MP-DST
MNM991000,C3P96FM3MP-DST
MNM993000,C3P96FM3MP-DST
MNN110000,C3P96FM3MP-DST
MNN119000,C3P96FM3MP-DST
MNN123000,C3P96FM3MP-DST
MNN153000,C3P96FM3MP-DST
MNN155000,C3P96FM3MP-DST
MNN157000,C3P96FM3MP-DST
MNN190000,C3P96FM3MP-DST
MNN1900A0,C3P96FM3MP-DST
MNN522040,C3P96FM3MP-DST
MNN778000,C3P96FM3MP-DST
MNP580000,C3P96FM3MP-DST
MNM754000,C3P96FM3MP-DSA
MNM7560A0,C3P96FM3MP-DSA
MNM805000,C3P96FM3MP-DSA
MNM851000,C3P96FM3MP-DSA
MNM8550A0,C3P96FM3MP-DSA
MNM8950C0,C3P96FM3MP-DSA
MNM902000,C3P96FM3MP-DSA
MNM945000,C3P96FM3MP-DSA
MNM946000,C3P96FM3MP-DSA
MNM982000,C3P96FM3MP-DSA
MNM988000,C3P96FM3MP-DSA
MNM991000,C3P96FM3MP-DSA
MNM993000,C3P96FM3MP-DSA
MNN110000,C3P96FM3MP-DSA
MNN119000,C3P96FM3MP-DSA
MNN123000,C3P96FM3MP-DSA
MNN153000,C3P96FM3MP-DSA
MNN155000,C3P96FM3MP-DSA
MNN157000,C3P96FM3MP-DSA
MNN190000,C3P96FM3MP-DSA
MNN1900A0,C3P96FM3MP-DSA
MNN522040,C3P96FM3MP-DSA
MNN778000,C3P96FM3MP-DSA
MNP580000,C3P96FM3MP-DSA
MNL795000,C3P96FM3MP-DST
MNM855100,C3P96FM3MP-DST
MNN069000,C3P96FM3MP-DST
MNN0720B0,C3P96FM3MP-DST
MNN114000,C3P96FM3MP-DST
MNN158000,C3P96FM3MP-DST
MNN1580C0,C3P96FM3MP-DST
MNN181000,C3P96FM3MP-DST
MNN183000,C3P96FM3MP-DST
MNN185000,C3P96FM3MP-DST
MNN239000,C3P96FM3MP-DST
MNN240000,C3P96FM3MP-DST
MNN281000,C3P96FM3MP-DST
MNN342000,C3P96FM3MP-DST
MNN393000,C3P96FM3MP-DST
MNN564000,C3P96FM3MP-DST
MNN617000,C3P96FM3MP-DST
MNN653000,C3P96FM3MP-DST
MNN654000,C3P96FM3MP-DST
MNN656000,C3P96FM3MP-DST
MNN658000,C3P96FM3MP-DST
MNN697000,C3P96FM3MP-DST
MNP310070,C3P96FM3MP-DST
MNL795000,C3P96FM3MP-DSA
MNM855100,C3P96FM3MP-DSA
MNN069000,C3P96FM3MP-DSA
MNN0720B0,C3P96FM3MP-DSA
MNN114000,C3P96FM3MP-DSA
MNN158000,C3P96FM3MP-DSA
MNN1580C0,C3P96FM3MP-DSA
MNN181000,C3P96FM3MP-DSA
MNN183000,C3P96FM3MP-DSA
MNN185000,C3P96FM3MP-DSA
MNN239000,C3P96FM3MP-DSA
MNN240000,C3P96FM3MP-DSA
MNN281000,C3P96FM3MP-DSA
MNN342000,C3P96FM3MP-DSA
MNN393000,C3P96FM3MP-DSA
MNN564000,C3P96FM3MP-DSA
MNN617000,C3P96FM3MP-DSA
MNN653000,C3P96FM3MP-DSA
MNN654000,C3P96FM3MP-DSA
MNN656000,C3P96FM3MP-DSA
MNN658000,C3P96FM3MP-DSA
MNN697000,C3P96FM3MP-DSA
MNP310070,C3P96FM3MP-DSA
